[
{
		"policyHolderID"		: 		ObjectId("5b7d38e7ddbbd0b5690e7d45"),
  		"policyID"				: 		ObjectId("5b7d38e7ddbbd0b5690e7d47"), 
  		"claimAmount" 			: 		15000, 
  		"claimReason"			: 		"Total Car and roof Damage",
  		"claimedDate"			: 		{ "$date" : "2016-12-20T09:00:00.000Z"},  		
  		"status"				: 		"active",
		"urgency"            	:       3,
		"summary"				:    	"Last night hail storm",
		"coverage"				: 		"unknown",
		"fraudRating"			: 		30,
		"type"					: 		"Hail",
		"claimNumber"			:		84753458,
		"droneAvatar"        	:        "flowers.jpg",
		"claimantAvatar"      	:        "home.jpg",
		"AdjusterAvatar"      	:        "photo1.jpg",
		"conversation"			:		[
										  {
										    "senderId": "Jack",
										    "datetime": "10 July 2018 08.00AM",
										    "text": "Hello Natali.."
										  },
										  {
										    "senderId": "Natali",
										    "datetime": "10 July 2018 08.10AM",
										    "text": "Hi.."
										  },
										  {
										    "senderId": "Jack",
										    "datetime": "10 July 2018 08.10AM",
										    "text": "How are you..?"
										  },
										  {
										    "senderId": "Natali",
										    "datetime": "10 July 2018 08.15AM",
										    "text": "I am fine."
										  },
										  {
										    "senderId": "Jack",
										    "datetime": "10 July 2018 08.23AM",
										    "text": "I understand you would like to file a claim."
										  },
										  {
										    "senderId": "Natali",
										    "datetime": "10 July 2018 08.45AM",
										    "text": "yes, I want to file a claim"
										  },
										  {
										    "senderId": "Jack",
										    "datetime": "10 July 2018 08.50AM",
										    "text": "Can you please tell me what happend?"
										  },
										  {
										    "senderId": "Natalie",
										    "datetime": "10 July 2018 08.52AM",
										    "text": "There was a water in my garage and my car door was open."
										  }
										]
},
{
		"policyHolderID"		: 		ObjectId("5b7d38e7ddbbd0b5690e7d45"),
  		"policyID"				: 		ObjectId("5b7d38e7ddbbd0b5690e7d47"), 
  		"claimAmount" 			: 		75000, 
  		"claimReason"			: 		"Home Applinces Damage",
  		"claimedDate"			: 		{ "$date" : "2017-09-12T09:00:00.000Z"},  		
  		"status"				: 		"Open",
		"urgency"            	:       4,
		"summary"				:    	"Last night fire",
		"coverage"				: 		"covered",
		"fraudRating"			: 		65,
		"type"					: 		"Fire",
		"claimNumber"			:		45723432,
		"droneAvatar"        	:        "photo1.jpg",
		"claimantAvatar"      	:        "photo3.jpg",
		"AdjusterAvatar"      	:        "photo4.jpg",
		"conversation"			:		[
										  {
										    "senderId": "Jack",
										    "datetime": "15 June 2018 08.00AM",
										    "text": "Hello Aaryan.."
										  },
										  {
										    "senderId": "Aaryan Nick",
										    "datetime": "15 June 2018 08.10AM",
										    "text": "Hi.."
										  },
										  {
										    "senderId": "Jack",
										    "datetime": "15 June  2018 08.10AM",
										    "text": "How are you..?"
										  },
										  {
										    "senderId": "Aaryan Nick",
										    "datetime": "15 June  2018 08.15AM",
										    "text": "I am fine."
										  },
										  {
										    "senderId": "Jack",
										    "datetime": "15 June  2018 08.23AM",
										    "text": "I understand you would like to file a claim."
										  },
										  {
										    "senderId": "Aaryan Nick",
										    "datetime": "15 June  2018 08.45AM",
										    "text": "yes, I want to file a claim"
										  },
										  {
										    "senderId": "Jack",
										    "datetime": "15 June 2018 08.50AM",
										    "text": "Can you please tell me what happend?"
										  },
										  {
										    "senderId": "Aaryan Nick",
										    "datetime": "15 June 2018 08.52AM",
										    "text": "There was a fire in my home."
										  }
										]
},
{
		"policyHolderID"		: 		ObjectId("5b7d38e7ddbbd0b5690e7d45"),
  		"policyID"				: 		ObjectId("5b7d38e7ddbbd0b5690e7d47"), 
  		"claimAmount" 			: 		100000, 
  		"claimReason"			: 		"Property Damage",
  		"claimedDate"			: 		{ "$date" : "2017-09-28T09:00:00.000Z"},  		
  		"status"				: 		"Documented",
		"urgency"            	:       2,
		"summary"				:    	"Last night marine perils",
		"coverage"				: 		"covered",
		"fraudRating"			: 		89,
		"type"					: 		"Wind",
		"claimNumber"			:		98765432,
		"droneAvatar"        	:        "nature.jpg",
		"claimantAvatar"      	:        "photo3.jpg",
		"AdjusterAvatar"      	:        "home.jpg",
		"conversation"			:		[
										  {
										    "senderId": "Jack",
										    "datetime": "1 Oct 2017 08.00AM",
										    "text": "Hello Smith John.."
										  },
										  {
										    "senderId": "Smith John",
										    "datetime": "1 Oct 2017 08.10AM",
										    "text": "Hi.."
										  },
										  {
										    "senderId": "Jack",
										    "datetime": "1 Oct 2017 08.10AM",
										    "text": "How are you..?"
										  },
										  {
										    "senderId": "Smith John",
										    "datetime": "1 Oct 2017 08.15AM",
										    "text": "I am fine."
										  },
										  {
										    "senderId": "Jack",
										    "datetime": "1 Oct 2017 08.23AM",
										    "text": "I understand you would like to file a claim."
										  },
										  {
										    "senderId": "Smith John",
										    "datetime": "1 Oct 2017 08.45AM",
										    "text": "yes, I want to file a claim"
										  },
										  {
										    "senderId": "Jack",
										    "datetime": "1 Oct 2017 08.50AM",
										    "text": "Can you please tell me what happend?"
										  },
										  {
										    "senderId": "Smith John",
										    "datetime": "1 Oct 2017 08.52AM",
										    "text": "There was a marine perils in my propery."
										  }
										]
},
{
	    "policyHolderID" 		: ObjectId("5b8e367766a263019ba489d1"),
	    "policyID" 				: ObjectId("5b8e367766a263019ba489dd"),
	    "claimAmount" 			: 100000,
	    "claimReason" 			: "Property Damage",
	    "claimedDate" 			: { "$date" :"2017-09-28T09:00:00.000Z"},
	    "status" 				: "Documented",
	    "urgency" 				: 5,
	    "summary" 				: "Last night marine perils",
	    "coverage" 				: "covered",
	    "fraudRating" 			: 89,
	    "type" 					: "Hail",
	    "claimNumber"			: 34567829,
	    "droneAvatar"        	: "waterfall.jpg",
		"claimantAvatar"      	: "photo3.jpg",
		"AdjusterAvatar"      	: "flowers.jpg",
		"conversation" 			: [ 
			        {
			            "senderId" : "Jack",
			            "datetime" : "1 Oct 2017 08.00AM",
			            "text" : "Hello Smith John.."
			        }, 
			        {
			            "senderId" : "Smith John",
			            "datetime" : "1 Oct 2017 08.10AM",
			            "text" : "Hi.."
			        }, 
			        {
			            "senderId" : "Jack",
			            "datetime" : "1 Oct 2017 08.10AM",
			            "text" : "How are you..?"
			        }, 
			        {
			            "senderId" : "Smith John",
			            "datetime" : "1 Oct 2017 08.15AM",
			            "text" : "I am fine."
			        }, 
			        {
			            "senderId" : "Jack",
			            "datetime" : "1 Oct 2017 08.23AM",
			            "text" : "I understand you would like to file a claim."
			        }, 
			        {
			            "senderId" : "Smith John",
			            "datetime" : "1 Oct 2017 08.45AM",
			            "text" : "yes, I want to file a claim"
			        }, 
			        {
			            "senderId" : "Jack",
			            "datetime" : "1 Oct 2017 08.50AM",
			            "text" : "Can you please tell me what happend?"
			        }, 
			        {
			            "senderId" : "Smith John",
			            "datetime" : "1 Oct 2017 08.52AM",
			            "text" : "There was a marine perils in my propery."
			        }
			    ]
}
]