[
{
  		"name"			  : 			"Natalie Smith",
  		"dob"			    : 		 	{ "$date" : "1998-05-04T09:00:00.000Z"},
  		"gender"		  : 			"Female",
  		"address1"		: 			"Augusta, Embassy Golf Links Business Park",
  		"address2" 		: 			"Kerala",
  		"lattitude"		: 			9.383452, 
  		"longitude"		: 			76.574059,
  		"mobile"		  : 			9863547234,
      "age"         :       45, 
      "monthsAsCustomer":     14,
      "insuredEducationLevel":  "MD",
      "insuredOccupation":    "armed-forces",
      "insuredHobbies":     "board-games",
      "insuredRelationship":  "unmarried"
},
{
  		"name"			: 			"Smith John",
  		"dob"			: 		 	{ "$date" : "1976-12-20T09:00:00.000Z"},
  		"gender"		: 			"Male",
  		"address1"		: 			"30/3, Hosur Road, Electronic City Phase II",
  		"address2" 		: 			"Bangalore",
  		"lattitude"		: 			12.9716, 
  		"longitude"		: 			77.5946,
  		"mobile"		: 			9886876874,
      "age"         :       45, 
      "monthsAsCustomer":     14,
      "insuredEducationLevel":  "MD",
      "insuredOccupation":    "armed-forces",
      "insuredHobbies":     "board-games",
      "insuredRelationship":  "unmarried"
},
{
      "name"      :       "Aaryan Nick",
      "dob"     :         { "$date" : "1991-01-12T09:00:00.000Z"},
      "gender"    :       "Male",
      "address1"    :       "24A Street, Jacob Road, Texas",
      "address2"    :       "Gujarat",
      "lattitude"   :       22.728392, 
      "longitude"   :       71.637077,
      "mobile"    :       9945762900,
      "age"         :       45, 
      "monthsAsCustomer":     14,
      "insuredEducationLevel":  "MD",
      "insuredOccupation":    "armed-forces",
      "insuredHobbies":     "board-games",
      "insuredRelationship":  "unmarried"
},
{
      "name" : "Aaryan Nick",
      "dob" : { "$date" : "1991-01-12T09:00:00.000Z"},
      "gender" : "Male",
      "address1" : "Hampshire",
      "address2" : "Hampshire",
      "lattitude" : 43.1939,
      "longitude" : 71.5724,
      "mobile" : 9945762900,
      "age"         :       45, 
      "monthsAsCustomer":     14,
      "insuredEducationLevel":  "MD",
      "insuredOccupation":    "armed-forces",
      "insuredHobbies":     "board-games",
      "insuredRelationship":  "unmarried"
}
]