[
	{
    "policyType"        : 		"Home",
    "startDate"         : 		{ "$date" : "2005-10-05T09:00:00.000Z"},
    "endDate"           : 		{ "$date" : "2010-12-02T09:00:00.000Z"},
    "premiumAmount"     : 		300000,
    "coverageAmount"    : 		50000,
    "policyHolderID"    : 		ObjectId("a20474567892345678900021"), 
    "status"            : 		"active"
	},
	{
    "policyType"        :     "Car",
    "startDate"         :     { "$date" : "2007-12-22T09:00:00.000Z"},
    "endDate"           :     { "$date" : "2018-12-05T09:00:00.000Z"},
    "premiumAmount"     :     900000,
    "coverageAmount"    :     15000,
    "policyHolderID"    :     ObjectId("5b7d38e7ddbbd0b5690e7d45"), 
    "status"            :     "active"
      },
      {
        "policyType"        :     "Property Insurance",
        "startDate"         :     { "$date" : "2015-10-07T09:00:00.000Z"},
        "endDate"           :     { "$date" : "2016-04-15T09:00:00.000Z"},
        "premiumAmount"     :     700000,
        "coverageAmount"    :     10000,
        "policyHolderID"    :     ObjectId("5b7d38e7ddbbd0b5690e7d49"), 
        "status"            :     "active"
      },
      {
        "policyType"        : "Car",
        "startDate"         : { "$date" :"2017-12-17T09:00:00.000Z"},
        "endDate"           : { "$date" :"2018-05-05T09:00:00.000Z"},
        "premiumAmount"     : 440000,
        "coverageAmount"    : 29000,
        "policyHolderID"    : ObjectId("5b8e367766a263019ba489d1"),
        "status"            : "active"
    }
]